索引,真实标签,预测标签,是否正确
0,locatingpin,locatingpin,1
1,locatingpin,locatingpin,1
2,bolt,bolt,1
3,locatingpin,locatingpin,1
4,washer,washer,1
5,washer,washer,1
6,bolt,bolt,1
7,locatingpin,locatingpin,1
8,nut,nut,1
9,bolt,bolt,1
10,locatingpin,locatingpin,1
11,nut,nut,1
12,locatingpin,locatingpin,1
13,nut,nut,1
14,nut,nut,1
15,washer,washer,1
16,nut,nut,1
17,nut,nut,1
18,locatingpin,locatingpin,1
19,locatingpin,locatingpin,1
20,washer,washer,1
21,washer,washer,1
22,nut,nut,1
23,washer,washer,1
24,washer,washer,1
25,washer,washer,1
26,bolt,bolt,1
27,locatingpin,locatingpin,1
28,bolt,bolt,1
29,washer,washer,1
30,locatingpin,locatingpin,1
31,bolt,bolt,1
32,bolt,bolt,1
33,locatingpin,locatingpin,1
34,washer,washer,1
35,nut,nut,1
36,locatingpin,bolt,0
37,nut,nut,1
38,bolt,bolt,1
39,nut,nut,1
40,locatingpin,locatingpin,1
41,nut,nut,1
42,locatingpin,locatingpin,1
43,washer,washer,1
44,bolt,bolt,1
45,bolt,bolt,1
46,locatingpin,locatingpin,1
47,locatingpin,locatingpin,1
48,bolt,bolt,1
49,washer,washer,1
50,bolt,bolt,1
51,bolt,bolt,1
52,nut,nut,1
53,locatingpin,locatingpin,1
54,bolt,bolt,1
55,locatingpin,locatingpin,1
56,nut,nut,1
57,washer,washer,1
58,nut,nut,1
59,locatingpin,bolt,0
60,nut,nut,1
61,washer,washer,1
62,bolt,bolt,1
63,locatingpin,locatingpin,1
64,washer,washer,1
65,locatingpin,bolt,0
66,bolt,bolt,1
67,washer,washer,1
68,washer,washer,1
69,washer,washer,1
70,bolt,bolt,1
71,locatingpin,locatingpin,1
72,washer,washer,1
73,bolt,bolt,1
74,nut,nut,1
75,bolt,bolt,1
76,locatingpin,locatingpin,1
77,washer,washer,1
78,nut,nut,1
79,bolt,bolt,1
80,washer,washer,1
81,bolt,bolt,1
82,locatingpin,locatingpin,1
83,locatingpin,locatingpin,1
84,washer,washer,1
85,nut,nut,1
86,nut,nut,1
87,bolt,bolt,1
88,locatingpin,locatingpin,1
89,nut,nut,1
90,locatingpin,locatingpin,1
91,nut,nut,1
92,locatingpin,locatingpin,1
93,bolt,bolt,1
94,washer,washer,1
95,washer,washer,1
96,nut,nut,1
97,locatingpin,bolt,0
98,washer,washer,1
99,washer,washer,1
100,washer,washer,1
101,nut,nut,1
102,locatingpin,locatingpin,1
103,bolt,bolt,1
104,locatingpin,locatingpin,1
105,locatingpin,bolt,0
106,washer,washer,1
107,washer,washer,1
108,locatingpin,bolt,0
109,washer,washer,1
110,washer,washer,1
111,nut,nut,1
112,washer,washer,1
113,locatingpin,locatingpin,1
114,locatingpin,locatingpin,1
115,bolt,bolt,1
116,locatingpin,locatingpin,1
117,bolt,bolt,1
118,locatingpin,locatingpin,1
119,locatingpin,locatingpin,1
120,nut,nut,1
121,locatingpin,locatingpin,1
122,washer,washer,1
123,washer,nut,0
124,washer,washer,1
125,nut,nut,1
126,bolt,bolt,1
127,nut,nut,1
128,locatingpin,locatingpin,1
129,locatingpin,locatingpin,1
130,nut,nut,1
131,washer,washer,1
132,washer,washer,1
133,locatingpin,bolt,0
134,locatingpin,locatingpin,1
135,locatingpin,bolt,0
136,bolt,bolt,1
137,washer,washer,1
138,locatingpin,locatingpin,1
139,bolt,bolt,1
140,locatingpin,locatingpin,1
141,nut,nut,1
142,bolt,bolt,1
143,nut,nut,1
144,bolt,bolt,1
145,locatingpin,locatingpin,1
146,locatingpin,locatingpin,1
147,bolt,bolt,1
148,nut,nut,1
149,washer,washer,1
150,locatingpin,locatingpin,1
151,nut,nut,1
152,washer,washer,1
153,washer,washer,1
154,locatingpin,locatingpin,1
155,nut,nut,1
156,nut,nut,1
157,locatingpin,locatingpin,1
158,locatingpin,locatingpin,1
159,locatingpin,locatingpin,1
160,washer,washer,1
161,bolt,bolt,1
162,washer,washer,1
163,bolt,bolt,1
164,bolt,bolt,1
165,nut,nut,1
166,locatingpin,locatingpin,1
167,bolt,bolt,1
168,washer,washer,1
169,bolt,bolt,1
170,locatingpin,locatingpin,1
171,bolt,bolt,1
172,bolt,bolt,1
173,locatingpin,locatingpin,1
174,bolt,bolt,1
175,bolt,bolt,1
176,nut,nut,1
177,bolt,bolt,1
178,washer,washer,1
179,bolt,bolt,1
180,nut,nut,1
181,washer,washer,1
182,washer,washer,1
183,bolt,bolt,1
184,washer,washer,1
185,bolt,bolt,1
186,nut,nut,1
187,nut,nut,1
188,washer,washer,1
189,washer,washer,1
190,locatingpin,locatingpin,1
191,bolt,bolt,1
192,washer,nut,0
193,locatingpin,locatingpin,1
194,washer,washer,1
195,washer,washer,1
196,bolt,bolt,1
197,washer,washer,1
198,washer,washer,1
199,bolt,bolt,1
200,locatingpin,bolt,0
201,bolt,bolt,1
202,bolt,bolt,1
203,locatingpin,bolt,0
204,locatingpin,locatingpin,1
205,nut,nut,1
206,nut,nut,1
207,nut,nut,1
208,washer,washer,1
209,locatingpin,locatingpin,1
210,nut,nut,1
211,nut,nut,1
212,washer,washer,1
213,washer,washer,1
214,nut,nut,1
215,locatingpin,locatingpin,1
216,locatingpin,locatingpin,1
217,bolt,bolt,1
218,bolt,bolt,1
219,bolt,bolt,1
220,washer,washer,1
221,washer,washer,1
222,washer,washer,1
223,washer,washer,1
224,washer,washer,1
225,locatingpin,locatingpin,1
226,washer,washer,1
227,bolt,bolt,1
228,nut,nut,1
229,washer,washer,1
230,nut,nut,1
231,washer,washer,1
232,nut,nut,1
233,locatingpin,locatingpin,1
234,washer,washer,1
235,washer,washer,1
236,locatingpin,nut,0
237,locatingpin,locatingpin,1
238,bolt,bolt,1
239,washer,washer,1
240,locatingpin,locatingpin,1
241,nut,nut,1
242,locatingpin,locatingpin,1
243,washer,washer,1
244,bolt,bolt,1
245,bolt,bolt,1
246,washer,washer,1
247,bolt,bolt,1
248,locatingpin,washer,0
249,nut,nut,1
250,locatingpin,locatingpin,1
251,washer,washer,1
252,washer,washer,1
253,bolt,bolt,1
254,bolt,bolt,1
255,nut,nut,1
256,washer,washer,1
257,nut,nut,1
258,nut,nut,1
259,bolt,bolt,1
260,nut,nut,1
261,bolt,bolt,1
262,locatingpin,locatingpin,1
263,locatingpin,locatingpin,1
264,bolt,bolt,1
265,washer,washer,1
266,locatingpin,locatingpin,1
267,locatingpin,locatingpin,1
268,bolt,bolt,1
269,washer,washer,1
270,nut,nut,1
271,locatingpin,locatingpin,1
272,washer,washer,1
273,washer,washer,1
274,nut,nut,1
275,bolt,bolt,1
276,washer,washer,1
277,washer,washer,1
278,nut,nut,1
279,bolt,bolt,1
280,locatingpin,locatingpin,1
281,bolt,bolt,1
282,locatingpin,nut,0
283,locatingpin,locatingpin,1
284,nut,nut,1
285,washer,washer,1
286,nut,nut,1
287,bolt,bolt,1
288,washer,washer,1
289,bolt,bolt,1
290,bolt,bolt,1
291,nut,nut,1
292,nut,nut,1
293,washer,washer,1
294,bolt,bolt,1
295,locatingpin,locatingpin,1
296,nut,nut,1
297,bolt,bolt,1
298,locatingpin,locatingpin,1
299,nut,nut,1
300,locatingpin,locatingpin,1
301,bolt,bolt,1
302,nut,nut,1
303,bolt,bolt,1
304,washer,washer,1
305,locatingpin,locatingpin,1
306,locatingpin,bolt,0
307,nut,nut,1
308,bolt,bolt,1
309,nut,nut,1
310,bolt,bolt,1
311,locatingpin,locatingpin,1
312,bolt,bolt,1
313,nut,nut,1
314,nut,nut,1
315,locatingpin,locatingpin,1
316,locatingpin,locatingpin,1
317,locatingpin,locatingpin,1
318,locatingpin,locatingpin,1
319,washer,washer,1
320,locatingpin,locatingpin,1
321,nut,nut,1
322,washer,washer,1
323,nut,nut,1
324,bolt,bolt,1
325,bolt,bolt,1
326,bolt,bolt,1
327,nut,nut,1
328,locatingpin,bolt,0
329,locatingpin,locatingpin,1
330,nut,nut,1
331,washer,washer,1
332,washer,washer,1
333,bolt,bolt,1
334,nut,nut,1
335,washer,washer,1
336,nut,nut,1
337,nut,nut,1
338,locatingpin,locatingpin,1
339,nut,nut,1
340,bolt,bolt,1
341,bolt,bolt,1
342,locatingpin,locatingpin,1
343,washer,washer,1
344,washer,washer,1
345,locatingpin,locatingpin,1
346,locatingpin,locatingpin,1
347,bolt,bolt,1
348,washer,washer,1
349,nut,nut,1
350,washer,washer,1
351,locatingpin,locatingpin,1
352,washer,washer,1
353,nut,nut,1
354,nut,nut,1
355,bolt,bolt,1
356,washer,washer,1
357,locatingpin,locatingpin,1
358,washer,washer,1
359,locatingpin,bolt,0
360,washer,washer,1
361,nut,nut,1
362,bolt,bolt,1
363,nut,nut,1
364,bolt,bolt,1
365,nut,nut,1
366,nut,nut,1
367,locatingpin,locatingpin,1
368,bolt,bolt,1
369,locatingpin,locatingpin,1
370,bolt,bolt,1
371,nut,nut,1
372,bolt,bolt,1
373,bolt,bolt,1
374,locatingpin,locatingpin,1
375,nut,nut,1
376,nut,nut,1
377,nut,nut,1
378,locatingpin,locatingpin,1
379,locatingpin,locatingpin,1
380,bolt,bolt,1
381,bolt,bolt,1
382,locatingpin,locatingpin,1
383,locatingpin,locatingpin,1
384,nut,nut,1
385,nut,nut,1
386,locatingpin,locatingpin,1
387,nut,nut,1
388,locatingpin,locatingpin,1
389,nut,nut,1
390,nut,nut,1
391,washer,washer,1
392,bolt,bolt,1
393,washer,nut,0
394,locatingpin,locatingpin,1
395,nut,nut,1
396,washer,washer,1
397,nut,nut,1
398,nut,nut,1
399,washer,washer,1
400,locatingpin,locatingpin,1
401,locatingpin,bolt,0
402,bolt,bolt,1
403,bolt,bolt,1
404,locatingpin,locatingpin,1
405,nut,nut,1
406,bolt,bolt,1
407,locatingpin,locatingpin,1
408,washer,washer,1
409,bolt,bolt,1
410,locatingpin,locatingpin,1
411,bolt,bolt,1
412,bolt,bolt,1
413,locatingpin,locatingpin,1
414,washer,washer,1
415,bolt,bolt,1
416,washer,washer,1
417,washer,washer,1
418,locatingpin,locatingpin,1
419,locatingpin,locatingpin,1
420,bolt,bolt,1
421,bolt,bolt,1
422,nut,nut,1
423,nut,nut,1
424,washer,washer,1
425,nut,nut,1
426,locatingpin,locatingpin,1
427,washer,washer,1
428,washer,washer,1
429,nut,nut,1
430,locatingpin,bolt,0
431,locatingpin,locatingpin,1
432,nut,nut,1
433,nut,nut,1
434,bolt,bolt,1
435,bolt,bolt,1
436,bolt,bolt,1
437,nut,nut,1
438,bolt,bolt,1
439,locatingpin,locatingpin,1
440,nut,nut,1
441,locatingpin,locatingpin,1
442,locatingpin,locatingpin,1
443,washer,washer,1
444,locatingpin,locatingpin,1
445,bolt,bolt,1
446,bolt,bolt,1
447,locatingpin,locatingpin,1
448,bolt,bolt,1
449,bolt,bolt,1
450,nut,nut,1
451,washer,washer,1
452,bolt,bolt,1
453,locatingpin,locatingpin,1
454,bolt,bolt,1
455,washer,washer,1
456,nut,nut,1
457,locatingpin,locatingpin,1
458,washer,washer,1
459,washer,washer,1
460,locatingpin,locatingpin,1
461,nut,nut,1
462,washer,washer,1
463,bolt,bolt,1
464,nut,nut,1
465,locatingpin,locatingpin,1
466,locatingpin,locatingpin,1
467,locatingpin,locatingpin,1
468,nut,nut,1
469,locatingpin,locatingpin,1
470,washer,washer,1
471,washer,washer,1
472,nut,nut,1
473,washer,washer,1
474,washer,washer,1
475,locatingpin,bolt,0
476,washer,washer,1
477,bolt,bolt,1
478,locatingpin,locatingpin,1
479,locatingpin,locatingpin,1
480,nut,nut,1
481,nut,nut,1
482,nut,nut,1
483,nut,nut,1
484,bolt,bolt,1
485,washer,washer,1
486,locatingpin,locatingpin,1
487,bolt,bolt,1
488,washer,washer,1
489,bolt,bolt,1
490,nut,nut,1
491,nut,nut,1
492,bolt,bolt,1
493,nut,nut,1
494,washer,washer,1
495,bolt,bolt,1
496,washer,washer,1
497,bolt,bolt,1
498,nut,nut,1
499,nut,nut,1
500,locatingpin,locatingpin,1
501,bolt,bolt,1
502,locatingpin,locatingpin,1
503,washer,washer,1
504,washer,washer,1
505,bolt,bolt,1
506,locatingpin,locatingpin,1
507,locatingpin,locatingpin,1
508,bolt,bolt,1
509,nut,nut,1
510,nut,nut,1
511,nut,nut,1
512,nut,nut,1
513,locatingpin,washer,0
514,bolt,bolt,1
515,locatingpin,locatingpin,1
516,bolt,bolt,1
517,locatingpin,locatingpin,1
518,locatingpin,locatingpin,1
519,locatingpin,locatingpin,1
520,washer,washer,1
521,nut,nut,1
522,nut,nut,1
523,nut,nut,1
524,bolt,bolt,1
525,washer,washer,1
526,washer,washer,1
527,nut,nut,1
528,bolt,bolt,1
529,locatingpin,locatingpin,1
530,bolt,bolt,1
531,locatingpin,locatingpin,1
532,locatingpin,locatingpin,1
533,washer,washer,1
534,washer,washer,1
535,washer,washer,1
536,washer,washer,1
537,nut,nut,1
538,locatingpin,locatingpin,1
539,bolt,bolt,1
540,locatingpin,locatingpin,1
541,locatingpin,bolt,0
542,washer,washer,1
543,locatingpin,locatingpin,1
544,nut,nut,1
545,washer,washer,1
546,locatingpin,locatingpin,1
547,nut,nut,1
548,locatingpin,locatingpin,1
549,nut,nut,1
550,locatingpin,bolt,0
551,nut,nut,1
552,locatingpin,locatingpin,1
553,locatingpin,locatingpin,1
554,bolt,bolt,1
555,nut,nut,1
556,nut,nut,1
557,bolt,bolt,1
558,bolt,bolt,1
559,washer,washer,1
560,nut,nut,1
561,bolt,bolt,1
562,nut,nut,1
563,washer,washer,1
564,washer,washer,1
565,locatingpin,locatingpin,1
566,locatingpin,locatingpin,1
567,locatingpin,locatingpin,1
568,locatingpin,locatingpin,1
569,bolt,bolt,1
570,washer,washer,1
571,washer,washer,1
572,bolt,bolt,1
573,nut,nut,1
574,washer,washer,1
575,bolt,bolt,1
576,nut,nut,1
577,washer,washer,1
578,washer,washer,1
579,washer,washer,1
580,locatingpin,locatingpin,1
581,washer,washer,1
582,bolt,bolt,1
583,bolt,bolt,1
584,locatingpin,locatingpin,1
585,nut,nut,1
586,nut,nut,1
587,washer,washer,1
588,bolt,bolt,1
589,bolt,bolt,1
590,nut,nut,1
591,nut,nut,1
592,nut,nut,1
593,locatingpin,locatingpin,1
594,nut,nut,1
595,washer,washer,1
596,nut,nut,1
597,bolt,bolt,1
598,locatingpin,locatingpin,1
599,bolt,bolt,1
600,bolt,bolt,1
601,nut,nut,1
602,washer,washer,1
603,nut,nut,1
604,locatingpin,locatingpin,1
605,nut,nut,1
606,nut,nut,1
607,bolt,bolt,1
608,locatingpin,locatingpin,1
609,washer,washer,1
610,washer,washer,1
611,bolt,bolt,1
612,nut,nut,1
613,nut,nut,1
614,bolt,bolt,1
615,locatingpin,locatingpin,1
616,washer,washer,1
617,locatingpin,locatingpin,1
618,nut,nut,1
619,locatingpin,locatingpin,1
620,bolt,bolt,1
621,locatingpin,locatingpin,1
622,nut,nut,1
623,washer,washer,1
624,washer,washer,1
625,washer,washer,1
626,washer,washer,1
627,bolt,bolt,1
628,washer,washer,1
629,bolt,bolt,1
630,nut,nut,1
631,bolt,bolt,1
632,locatingpin,locatingpin,1
633,bolt,bolt,1
634,locatingpin,locatingpin,1
635,locatingpin,locatingpin,1
636,locatingpin,locatingpin,1
637,nut,nut,1
638,washer,washer,1
639,nut,nut,1
640,locatingpin,locatingpin,1
641,bolt,bolt,1
642,locatingpin,nut,0
643,locatingpin,locatingpin,1
644,locatingpin,locatingpin,1
645,locatingpin,locatingpin,1
646,nut,nut,1
647,bolt,bolt,1
648,bolt,bolt,1
649,washer,washer,1
650,washer,washer,1
651,nut,nut,1
652,washer,washer,1
653,locatingpin,locatingpin,1
654,washer,washer,1
655,locatingpin,bolt,0
656,nut,nut,1
657,washer,washer,1
658,bolt,bolt,1
659,bolt,bolt,1
660,nut,nut,1
661,locatingpin,bolt,0
662,bolt,bolt,1
663,washer,washer,1
664,bolt,bolt,1
665,nut,nut,1
666,bolt,bolt,1
667,washer,washer,1
668,washer,washer,1
669,nut,nut,1
670,bolt,bolt,1
671,nut,nut,1
672,bolt,bolt,1
673,locatingpin,locatingpin,1
674,bolt,bolt,1
675,washer,washer,1
676,washer,washer,1
677,locatingpin,locatingpin,1
678,nut,nut,1
679,washer,washer,1
680,bolt,bolt,1
681,locatingpin,locatingpin,1
682,bolt,bolt,1
683,locatingpin,nut,0
684,locatingpin,locatingpin,1
685,nut,nut,1
686,locatingpin,washer,0
687,locatingpin,locatingpin,1
688,locatingpin,nut,0
689,washer,washer,1
690,locatingpin,locatingpin,1
691,washer,washer,1
692,bolt,bolt,1
693,bolt,bolt,1
694,nut,nut,1
695,washer,washer,1
696,washer,washer,1
697,locatingpin,locatingpin,1
698,bolt,bolt,1
699,nut,nut,1
700,nut,nut,1
701,locatingpin,locatingpin,1
702,nut,nut,1
703,nut,nut,1
704,bolt,bolt,1
705,locatingpin,locatingpin,1
706,washer,washer,1
707,washer,washer,1
708,locatingpin,locatingpin,1
709,nut,nut,1
710,washer,washer,1
711,washer,washer,1
712,locatingpin,locatingpin,1
713,bolt,bolt,1
714,bolt,bolt,1
715,nut,nut,1
716,locatingpin,locatingpin,1
717,bolt,bolt,1
718,locatingpin,locatingpin,1
719,nut,nut,1
720,washer,washer,1
721,bolt,bolt,1
722,washer,washer,1
723,nut,nut,1
724,washer,washer,1
725,nut,nut,1
726,locatingpin,locatingpin,1
727,locatingpin,locatingpin,1
728,bolt,bolt,1
729,nut,nut,1
730,washer,washer,1
731,bolt,bolt,1
732,bolt,bolt,1
733,nut,nut,1
734,washer,washer,1
735,nut,nut,1
736,nut,nut,1
737,washer,washer,1
738,bolt,bolt,1
739,nut,nut,1
740,bolt,bolt,1
741,locatingpin,locatingpin,1
742,bolt,bolt,1
743,nut,nut,1
744,washer,washer,1
745,nut,nut,1
746,locatingpin,bolt,0
747,nut,nut,1
748,nut,nut,1
749,locatingpin,locatingpin,1
750,locatingpin,locatingpin,1
751,bolt,bolt,1
752,bolt,bolt,1
753,locatingpin,locatingpin,1
754,washer,washer,1
755,nut,nut,1
756,washer,washer,1
757,washer,washer,1
758,bolt,bolt,1
759,locatingpin,bolt,0
760,nut,nut,1
761,locatingpin,locatingpin,1
762,washer,washer,1
763,bolt,bolt,1
764,nut,nut,1
765,bolt,bolt,1
766,washer,washer,1
767,bolt,bolt,1
768,washer,washer,1
769,locatingpin,nut,0
770,nut,nut,1
771,nut,nut,1
772,washer,washer,1
773,locatingpin,locatingpin,1
774,washer,washer,1
775,nut,nut,1
776,nut,nut,1
777,bolt,bolt,1
778,washer,washer,1
779,washer,washer,1
780,bolt,bolt,1
781,washer,washer,1
782,bolt,bolt,1
783,nut,nut,1
784,nut,nut,1
785,locatingpin,locatingpin,1
786,washer,washer,1
787,bolt,bolt,1
788,locatingpin,locatingpin,1
789,washer,washer,1
790,locatingpin,locatingpin,1
791,nut,nut,1
792,nut,nut,1
793,locatingpin,locatingpin,1
794,nut,nut,1
795,washer,washer,1
796,washer,washer,1
797,nut,nut,1
798,washer,washer,1
799,washer,washer,1
800,locatingpin,locatingpin,1
801,washer,washer,1
802,bolt,bolt,1
803,bolt,bolt,1
804,locatingpin,locatingpin,1
805,bolt,bolt,1
806,locatingpin,locatingpin,1
807,locatingpin,locatingpin,1
808,nut,nut,1
809,locatingpin,locatingpin,1
810,bolt,bolt,1
811,locatingpin,bolt,0
812,bolt,bolt,1
813,bolt,bolt,1
814,washer,washer,1
815,bolt,bolt,1
816,bolt,bolt,1
817,locatingpin,locatingpin,1
818,locatingpin,locatingpin,1
819,bolt,bolt,1
820,nut,nut,1
821,washer,washer,1
822,washer,washer,1
823,washer,washer,1
824,nut,nut,1
825,nut,nut,1
826,locatingpin,locatingpin,1
827,nut,nut,1
828,locatingpin,locatingpin,1
829,washer,washer,1
830,washer,washer,1
831,washer,washer,1
832,locatingpin,bolt,0
833,washer,washer,1
834,washer,washer,1
835,bolt,bolt,1
836,nut,nut,1
837,bolt,bolt,1
838,bolt,bolt,1
839,washer,washer,1
840,locatingpin,locatingpin,1
841,nut,nut,1
842,nut,nut,1
843,bolt,bolt,1
844,bolt,bolt,1
845,bolt,bolt,1
846,bolt,bolt,1
847,washer,washer,1
848,washer,washer,1
849,nut,nut,1
850,bolt,bolt,1
851,locatingpin,locatingpin,1
852,washer,washer,1
853,nut,nut,1
854,washer,washer,1
855,washer,washer,1
856,nut,nut,1
857,bolt,bolt,1
858,locatingpin,locatingpin,1
859,locatingpin,bolt,0
860,locatingpin,locatingpin,1
861,locatingpin,locatingpin,1
862,nut,nut,1
863,nut,nut,1
864,nut,nut,1
865,washer,washer,1
866,locatingpin,locatingpin,1
867,nut,nut,1
868,bolt,bolt,1
869,bolt,bolt,1
870,bolt,bolt,1
871,locatingpin,bolt,0
872,bolt,bolt,1
873,nut,nut,1
874,bolt,bolt,1
875,nut,nut,1
876,nut,nut,1
877,bolt,bolt,1
878,locatingpin,nut,0
879,washer,washer,1
880,bolt,bolt,1
881,bolt,bolt,1
882,washer,washer,1
883,washer,washer,1
884,nut,nut,1
885,locatingpin,nut,0
886,washer,washer,1
887,locatingpin,locatingpin,1
888,nut,nut,1
889,washer,washer,1
890,locatingpin,locatingpin,1
891,washer,washer,1
892,washer,washer,1
893,nut,nut,1
894,bolt,bolt,1
895,bolt,bolt,1
896,locatingpin,locatingpin,1
897,washer,washer,1
898,bolt,bolt,1
899,washer,washer,1
900,bolt,bolt,1
901,washer,washer,1
902,washer,washer,1
903,bolt,bolt,1
904,locatingpin,locatingpin,1
905,washer,washer,1
906,nut,nut,1
907,washer,washer,1
908,locatingpin,locatingpin,1
909,washer,washer,1
910,nut,nut,1
911,washer,washer,1
912,bolt,bolt,1
913,washer,washer,1
914,nut,nut,1
915,nut,nut,1
916,locatingpin,bolt,0
917,locatingpin,locatingpin,1
918,washer,washer,1
919,bolt,bolt,1
920,nut,nut,1
921,nut,nut,1
922,washer,washer,1
923,bolt,bolt,1
924,washer,washer,1
925,washer,washer,1
926,washer,washer,1
927,washer,washer,1
928,locatingpin,locatingpin,1
929,bolt,bolt,1
930,washer,washer,1
931,washer,washer,1
932,nut,nut,1
933,locatingpin,locatingpin,1
934,nut,nut,1
935,bolt,bolt,1
936,bolt,bolt,1
937,bolt,bolt,1
938,washer,washer,1
939,washer,washer,1
940,bolt,bolt,1
941,washer,washer,1
942,washer,washer,1
943,nut,nut,1
944,washer,washer,1
945,locatingpin,locatingpin,1
946,bolt,bolt,1
947,washer,washer,1
948,bolt,bolt,1
949,locatingpin,locatingpin,1
950,locatingpin,locatingpin,1
951,locatingpin,locatingpin,1
952,locatingpin,locatingpin,1
953,bolt,bolt,1
954,bolt,bolt,1
955,bolt,bolt,1
956,nut,nut,1
957,bolt,bolt,1
958,bolt,bolt,1
959,locatingpin,locatingpin,1
960,locatingpin,bolt,0
961,nut,nut,1
962,bolt,bolt,1
963,locatingpin,locatingpin,1
964,washer,washer,1
965,locatingpin,locatingpin,1
966,bolt,bolt,1
967,nut,nut,1
968,washer,washer,1
969,nut,nut,1
970,bolt,bolt,1
971,bolt,bolt,1
972,washer,washer,1
973,nut,nut,1
974,washer,washer,1
975,washer,washer,1
976,locatingpin,nut,0
977,locatingpin,locatingpin,1
978,nut,nut,1
979,washer,washer,1
980,washer,washer,1
981,bolt,bolt,1
982,bolt,bolt,1
983,bolt,bolt,1
984,nut,nut,1
985,locatingpin,locatingpin,1
986,bolt,bolt,1
987,locatingpin,locatingpin,1
988,washer,washer,1
989,bolt,bolt,1
990,bolt,bolt,1
991,washer,washer,1
992,bolt,bolt,1
993,bolt,bolt,1
994,washer,washer,1
995,locatingpin,locatingpin,1
996,bolt,bolt,1
997,washer,washer,1
998,nut,nut,1
999,nut,nut,1
1000,nut,nut,1
1001,bolt,bolt,1
1002,washer,washer,1
1003,locatingpin,locatingpin,1
1004,bolt,bolt,1
1005,bolt,bolt,1
1006,nut,nut,1
1007,washer,washer,1
1008,nut,nut,1
1009,bolt,bolt,1
1010,bolt,bolt,1
1011,locatingpin,locatingpin,1
1012,washer,washer,1
1013,washer,washer,1
1014,nut,nut,1
1015,locatingpin,locatingpin,1
1016,nut,nut,1
1017,nut,nut,1
1018,washer,washer,1
1019,locatingpin,locatingpin,1
1020,locatingpin,locatingpin,1
1021,locatingpin,bolt,0
1022,washer,washer,1
1023,washer,washer,1
1024,locatingpin,locatingpin,1
1025,bolt,bolt,1
1026,nut,nut,1
1027,washer,washer,1
1028,nut,nut,1
1029,nut,nut,1
1030,locatingpin,locatingpin,1
1031,bolt,bolt,1
1032,nut,nut,1
1033,bolt,bolt,1
1034,nut,nut,1
1035,bolt,bolt,1
1036,nut,nut,1
1037,bolt,bolt,1
1038,washer,washer,1
1039,bolt,bolt,1
1040,washer,washer,1
1041,locatingpin,locatingpin,1
1042,bolt,bolt,1
1043,nut,nut,1
1044,locatingpin,locatingpin,1
1045,locatingpin,locatingpin,1
1046,locatingpin,locatingpin,1
1047,washer,washer,1
1048,locatingpin,locatingpin,1
1049,washer,washer,1
1050,locatingpin,locatingpin,1
1051,nut,nut,1
1052,locatingpin,locatingpin,1
1053,bolt,bolt,1
1054,washer,washer,1
1055,locatingpin,locatingpin,1
1056,bolt,bolt,1
1057,washer,washer,1
1058,locatingpin,locatingpin,1
1059,bolt,bolt,1
1060,bolt,bolt,1
1061,washer,washer,1
1062,locatingpin,locatingpin,1
1063,locatingpin,locatingpin,1
1064,nut,nut,1
1065,locatingpin,locatingpin,1
1066,nut,nut,1
1067,locatingpin,locatingpin,1
1068,locatingpin,locatingpin,1
1069,locatingpin,locatingpin,1
1070,locatingpin,locatingpin,1
1071,locatingpin,locatingpin,1
1072,nut,nut,1
1073,locatingpin,locatingpin,1
1074,nut,nut,1
1075,bolt,bolt,1
1076,locatingpin,locatingpin,1
1077,bolt,bolt,1
1078,washer,washer,1
1079,locatingpin,locatingpin,1
1080,bolt,bolt,1
1081,washer,washer,1
1082,washer,washer,1
1083,nut,nut,1
1084,nut,nut,1
1085,bolt,bolt,1
1086,nut,nut,1
1087,bolt,bolt,1
1088,washer,washer,1
1089,bolt,bolt,1
1090,nut,nut,1
1091,nut,nut,1
1092,bolt,bolt,1
1093,bolt,bolt,1
1094,bolt,bolt,1
1095,washer,washer,1
1096,nut,nut,1
1097,nut,nut,1
1098,washer,washer,1
1099,bolt,bolt,1
1100,locatingpin,locatingpin,1
1101,bolt,bolt,1
1102,nut,nut,1
1103,washer,washer,1
1104,washer,washer,1
1105,locatingpin,locatingpin,1
1106,bolt,bolt,1
1107,locatingpin,bolt,0
1108,nut,nut,1
1109,bolt,bolt,1
1110,nut,nut,1
1111,locatingpin,locatingpin,1
1112,washer,washer,1
1113,bolt,bolt,1
1114,nut,nut,1
1115,nut,nut,1
1116,washer,washer,1
1117,locatingpin,locatingpin,1
1118,washer,washer,1
1119,nut,nut,1
1120,washer,washer,1
1121,nut,nut,1
1122,washer,washer,1
1123,bolt,bolt,1
1124,locatingpin,locatingpin,1
1125,bolt,bolt,1
1126,locatingpin,locatingpin,1
1127,washer,washer,1
1128,nut,nut,1
1129,bolt,bolt,1
1130,nut,nut,1
1131,locatingpin,locatingpin,1
1132,locatingpin,locatingpin,1
1133,locatingpin,locatingpin,1
1134,locatingpin,locatingpin,1
1135,washer,washer,1
1136,bolt,bolt,1
1137,bolt,bolt,1
1138,locatingpin,bolt,0
1139,washer,washer,1
1140,bolt,bolt,1
1141,nut,nut,1
1142,bolt,bolt,1
1143,bolt,bolt,1
1144,washer,washer,1
1145,nut,nut,1
1146,locatingpin,nut,0
1147,locatingpin,locatingpin,1
1148,nut,nut,1
1149,washer,washer,1
1150,bolt,bolt,1
1151,locatingpin,locatingpin,1
1152,locatingpin,locatingpin,1
1153,bolt,bolt,1
1154,bolt,bolt,1
1155,bolt,bolt,1
1156,washer,washer,1
1157,bolt,bolt,1
1158,locatingpin,locatingpin,1
1159,bolt,bolt,1
1160,nut,nut,1
1161,nut,nut,1
1162,bolt,bolt,1
1163,bolt,bolt,1
1164,bolt,bolt,1
1165,bolt,bolt,1
1166,bolt,bolt,1
1167,nut,nut,1
1168,bolt,bolt,1
1169,nut,nut,1
1170,washer,washer,1
1171,nut,nut,1
1172,bolt,bolt,1
1173,nut,nut,1
1174,washer,washer,1
1175,locatingpin,locatingpin,1
1176,locatingpin,locatingpin,1
1177,locatingpin,locatingpin,1
1178,bolt,bolt,1
1179,bolt,bolt,1
1180,nut,nut,1
1181,washer,washer,1
1182,washer,washer,1
1183,nut,nut,1
1184,bolt,bolt,1
1185,washer,washer,1
1186,nut,nut,1
1187,nut,nut,1
1188,nut,nut,1
1189,nut,nut,1
1190,washer,washer,1
1191,washer,washer,1
1192,nut,nut,1
1193,bolt,bolt,1
1194,washer,washer,1
1195,washer,washer,1
1196,bolt,bolt,1
1197,bolt,bolt,1
1198,bolt,bolt,1
1199,bolt,bolt,1
1200,bolt,bolt,1
1201,locatingpin,locatingpin,1
1202,bolt,bolt,1
1203,bolt,bolt,1
1204,washer,washer,1
1205,washer,washer,1
1206,locatingpin,locatingpin,1
1207,washer,washer,1
1208,nut,nut,1
1209,nut,nut,1
1210,bolt,bolt,1
1211,nut,nut,1
1212,locatingpin,locatingpin,1
1213,nut,nut,1
1214,locatingpin,nut,0
1215,nut,locatingpin,0
1216,bolt,bolt,1
1217,locatingpin,locatingpin,1
1218,washer,washer,1
1219,locatingpin,locatingpin,1
1220,locatingpin,locatingpin,1
1221,nut,nut,1
1222,washer,washer,1
1223,locatingpin,locatingpin,1
1224,washer,washer,1
1225,locatingpin,locatingpin,1
1226,washer,washer,1
1227,locatingpin,bolt,0
1228,locatingpin,washer,0
1229,washer,washer,1
1230,nut,nut,1
1231,nut,nut,1
1232,bolt,bolt,1
1233,locatingpin,locatingpin,1
1234,bolt,bolt,1
1235,bolt,bolt,1
1236,bolt,bolt,1
1237,bolt,bolt,1
1238,washer,washer,1
1239,washer,washer,1
1240,locatingpin,nut,0
1241,washer,washer,1
1242,bolt,bolt,1
1243,locatingpin,locatingpin,1
1244,nut,nut,1
1245,washer,washer,1
1246,washer,washer,1
1247,washer,washer,1
1248,bolt,bolt,1
1249,nut,nut,1
1250,washer,washer,1
1251,washer,washer,1
1252,nut,nut,1
1253,bolt,bolt,1
1254,nut,nut,1
1255,locatingpin,locatingpin,1
1256,locatingpin,locatingpin,1
1257,bolt,bolt,1
1258,washer,washer,1
1259,washer,washer,1
1260,washer,washer,1
1261,bolt,bolt,1
1262,locatingpin,bolt,0
1263,bolt,bolt,1
1264,bolt,bolt,1
1265,bolt,bolt,1
1266,bolt,bolt,1
1267,bolt,bolt,1
1268,washer,washer,1
1269,nut,nut,1
1270,washer,washer,1
1271,nut,nut,1
1272,nut,nut,1
1273,locatingpin,bolt,0
1274,washer,washer,1
1275,bolt,bolt,1
1276,washer,washer,1
1277,washer,washer,1
1278,bolt,bolt,1
1279,nut,nut,1
1280,washer,washer,1
1281,locatingpin,locatingpin,1
1282,locatingpin,locatingpin,1
1283,locatingpin,locatingpin,1
1284,nut,nut,1
1285,bolt,bolt,1
1286,locatingpin,locatingpin,1
1287,nut,nut,1
1288,nut,nut,1
1289,locatingpin,locatingpin,1
1290,bolt,bolt,1
1291,bolt,bolt,1
1292,nut,nut,1
1293,locatingpin,bolt,0
1294,washer,washer,1
1295,nut,nut,1
1296,washer,washer,1
1297,washer,washer,1
1298,locatingpin,locatingpin,1
1299,locatingpin,locatingpin,1
1300,locatingpin,bolt,0
1301,nut,nut,1
1302,locatingpin,locatingpin,1
1303,washer,washer,1
1304,washer,washer,1
1305,washer,washer,1
1306,nut,nut,1
1307,nut,nut,1
1308,washer,washer,1
1309,locatingpin,locatingpin,1
1310,bolt,bolt,1
1311,washer,washer,1
1312,locatingpin,locatingpin,1
1313,locatingpin,locatingpin,1
1314,bolt,bolt,1
1315,nut,nut,1
1316,bolt,bolt,1
1317,locatingpin,locatingpin,1
1318,locatingpin,locatingpin,1
1319,locatingpin,bolt,0
1320,locatingpin,locatingpin,1
1321,nut,nut,1
1322,locatingpin,nut,0
1323,locatingpin,locatingpin,1
1324,washer,washer,1
1325,locatingpin,locatingpin,1
1326,bolt,bolt,1
1327,nut,nut,1
1328,locatingpin,locatingpin,1
1329,washer,washer,1
1330,locatingpin,locatingpin,1
1331,washer,washer,1
1332,washer,washer,1
1333,nut,nut,1
1334,nut,nut,1
1335,bolt,bolt,1
1336,locatingpin,locatingpin,1
1337,bolt,bolt,1
1338,bolt,bolt,1
1339,locatingpin,locatingpin,1
1340,bolt,bolt,1
1341,nut,nut,1
1342,locatingpin,locatingpin,1
1343,washer,washer,1
1344,bolt,bolt,1
1345,bolt,bolt,1
1346,bolt,bolt,1
1347,washer,washer,1
1348,washer,washer,1
1349,bolt,bolt,1
1350,bolt,bolt,1
1351,washer,washer,1
1352,bolt,bolt,1
1353,nut,nut,1
1354,locatingpin,locatingpin,1
1355,washer,washer,1
1356,washer,washer,1
1357,washer,washer,1
1358,bolt,bolt,1
1359,washer,washer,1
1360,washer,washer,1
1361,washer,washer,1
1362,washer,washer,1
1363,bolt,bolt,1
1364,locatingpin,locatingpin,1
1365,nut,nut,1
1366,nut,nut,1
1367,washer,washer,1
1368,nut,nut,1
1369,washer,washer,1
1370,washer,washer,1
1371,nut,nut,1
1372,bolt,bolt,1
1373,nut,nut,1
1374,nut,nut,1
1375,bolt,bolt,1
1376,locatingpin,locatingpin,1
1377,nut,nut,1
1378,locatingpin,locatingpin,1
1379,washer,washer,1
1380,bolt,bolt,1
1381,nut,nut,1
1382,bolt,bolt,1
1383,locatingpin,locatingpin,1
1384,bolt,bolt,1
1385,nut,nut,1
1386,nut,nut,1
1387,locatingpin,locatingpin,1
1388,washer,washer,1
1389,bolt,bolt,1
1390,locatingpin,locatingpin,1
1391,locatingpin,locatingpin,1
1392,washer,washer,1
1393,washer,washer,1
1394,nut,nut,1
1395,nut,nut,1
1396,locatingpin,locatingpin,1
1397,nut,nut,1
1398,locatingpin,locatingpin,1
1399,nut,nut,1
1400,washer,washer,1
1401,bolt,bolt,1
1402,washer,washer,1
1403,bolt,bolt,1
1404,nut,nut,1
1405,bolt,bolt,1
1406,bolt,bolt,1
1407,nut,nut,1
1408,locatingpin,locatingpin,1
1409,washer,washer,1
1410,washer,washer,1
1411,locatingpin,locatingpin,1
1412,locatingpin,locatingpin,1
1413,locatingpin,locatingpin,1
1414,locatingpin,nut,0
1415,locatingpin,locatingpin,1
1416,washer,washer,1
1417,locatingpin,nut,0
1418,bolt,bolt,1
1419,bolt,bolt,1
1420,locatingpin,locatingpin,1
1421,bolt,bolt,1
1422,bolt,bolt,1
1423,washer,washer,1
1424,locatingpin,locatingpin,1
1425,bolt,bolt,1
1426,locatingpin,locatingpin,1
1427,washer,washer,1
1428,locatingpin,locatingpin,1
1429,washer,washer,1
1430,locatingpin,locatingpin,1
1431,locatingpin,locatingpin,1
1432,washer,washer,1
1433,bolt,bolt,1
1434,locatingpin,locatingpin,1
1435,nut,nut,1
1436,washer,washer,1
1437,bolt,bolt,1
1438,washer,washer,1
1439,nut,nut,1
1440,nut,nut,1
1441,locatingpin,locatingpin,1
1442,nut,nut,1
1443,washer,washer,1
1444,washer,washer,1
1445,nut,nut,1
1446,nut,nut,1
1447,washer,washer,1
1448,nut,nut,1
1449,nut,nut,1
1450,locatingpin,locatingpin,1
1451,bolt,bolt,1
1452,nut,nut,1
1453,washer,washer,1
1454,nut,nut,1
1455,locatingpin,locatingpin,1
1456,washer,washer,1
1457,bolt,bolt,1
1458,nut,nut,1
1459,nut,nut,1
1460,washer,washer,1
1461,nut,nut,1
1462,locatingpin,locatingpin,1
1463,washer,washer,1
1464,nut,nut,1
1465,locatingpin,locatingpin,1
1466,bolt,bolt,1
1467,bolt,bolt,1
1468,washer,washer,1
1469,nut,nut,1
1470,washer,washer,1
1471,washer,washer,1
1472,locatingpin,locatingpin,1
1473,washer,washer,1
1474,washer,washer,1
1475,bolt,bolt,1
1476,locatingpin,locatingpin,1
1477,locatingpin,locatingpin,1
1478,locatingpin,locatingpin,1
1479,locatingpin,locatingpin,1
1480,nut,nut,1
1481,locatingpin,locatingpin,1
1482,bolt,bolt,1
1483,bolt,bolt,1
1484,washer,washer,1
1485,bolt,bolt,1
1486,washer,washer,1
1487,nut,nut,1
1488,locatingpin,locatingpin,1
1489,washer,washer,1
1490,locatingpin,locatingpin,1
1491,washer,washer,1
1492,bolt,bolt,1
1493,bolt,bolt,1
1494,nut,nut,1
1495,locatingpin,locatingpin,1
1496,bolt,bolt,1
1497,washer,washer,1
1498,bolt,bolt,1
1499,bolt,bolt,1
1500,nut,nut,1
1501,washer,washer,1
1502,locatingpin,locatingpin,1
1503,washer,washer,1
1504,nut,nut,1
1505,bolt,bolt,1
1506,nut,nut,1
1507,bolt,bolt,1
1508,bolt,bolt,1
1509,bolt,bolt,1
1510,bolt,bolt,1
1511,bolt,bolt,1
1512,locatingpin,locatingpin,1
1513,nut,nut,1
1514,washer,washer,1
1515,bolt,bolt,1
1516,nut,nut,1
1517,bolt,bolt,1
1518,locatingpin,locatingpin,1
1519,bolt,bolt,1
1520,locatingpin,locatingpin,1
1521,locatingpin,locatingpin,1
1522,bolt,bolt,1
1523,locatingpin,nut,0
1524,locatingpin,locatingpin,1
1525,bolt,bolt,1
1526,bolt,bolt,1
1527,locatingpin,locatingpin,1
1528,nut,nut,1
1529,locatingpin,locatingpin,1
1530,locatingpin,nut,0
1531,locatingpin,locatingpin,1
1532,locatingpin,bolt,0
1533,washer,washer,1
1534,bolt,bolt,1
1535,washer,washer,1
1536,washer,washer,1
1537,locatingpin,locatingpin,1
1538,washer,washer,1
1539,bolt,bolt,1
1540,locatingpin,locatingpin,1
1541,bolt,bolt,1
1542,nut,nut,1
1543,bolt,bolt,1
1544,nut,nut,1
1545,washer,washer,1
1546,washer,washer,1
1547,washer,washer,1
1548,nut,nut,1
1549,washer,washer,1
1550,washer,washer,1
1551,locatingpin,locatingpin,1
1552,nut,nut,1
1553,nut,nut,1
1554,locatingpin,locatingpin,1
1555,bolt,bolt,1
1556,bolt,bolt,1
1557,washer,washer,1
1558,locatingpin,locatingpin,1
1559,washer,washer,1
1560,nut,nut,1
1561,washer,washer,1
1562,locatingpin,locatingpin,1
1563,locatingpin,locatingpin,1
1564,bolt,bolt,1
1565,nut,nut,1
1566,washer,washer,1
1567,locatingpin,bolt,0
1568,bolt,bolt,1
1569,washer,washer,1
1570,washer,washer,1
1571,washer,washer,1
1572,washer,washer,1
1573,locatingpin,locatingpin,1
1574,washer,washer,1
1575,nut,nut,1
1576,washer,washer,1
1577,locatingpin,bolt,0
1578,nut,nut,1
1579,nut,nut,1
1580,washer,washer,1
1581,locatingpin,locatingpin,1
1582,washer,washer,1
1583,bolt,bolt,1
1584,nut,nut,1
1585,locatingpin,locatingpin,1
1586,nut,nut,1
1587,bolt,bolt,1
1588,nut,nut,1
1589,nut,nut,1
1590,washer,washer,1
1591,nut,nut,1
1592,washer,washer,1
1593,nut,nut,1
1594,nut,nut,1
1595,locatingpin,locatingpin,1
1596,locatingpin,locatingpin,1
1597,nut,nut,1
1598,nut,nut,1
1599,washer,washer,1
1600,bolt,bolt,1
1601,nut,nut,1
1602,nut,nut,1
1603,washer,washer,1
1604,locatingpin,locatingpin,1
1605,nut,nut,1
1606,washer,washer,1
1607,washer,washer,1
1608,nut,nut,1
1609,bolt,bolt,1
1610,bolt,bolt,1
1611,locatingpin,locatingpin,1
1612,locatingpin,locatingpin,1
1613,washer,washer,1
1614,locatingpin,locatingpin,1
1615,locatingpin,locatingpin,1
1616,nut,nut,1
1617,bolt,bolt,1
1618,bolt,bolt,1
1619,locatingpin,locatingpin,1
1620,bolt,bolt,1
1621,washer,washer,1
1622,bolt,bolt,1
1623,nut,nut,1
1624,washer,washer,1
1625,locatingpin,locatingpin,1
1626,nut,nut,1
1627,washer,washer,1
1628,bolt,bolt,1
1629,washer,washer,1
1630,locatingpin,locatingpin,1
1631,nut,nut,1
1632,bolt,bolt,1
1633,locatingpin,locatingpin,1
1634,washer,washer,1
1635,locatingpin,locatingpin,1
1636,locatingpin,locatingpin,1
1637,washer,washer,1
1638,bolt,bolt,1
1639,bolt,bolt,1
1640,washer,washer,1
1641,bolt,bolt,1
1642,locatingpin,locatingpin,1
1643,bolt,bolt,1
1644,washer,washer,1
1645,nut,nut,1
1646,locatingpin,locatingpin,1
1647,washer,washer,1
1648,bolt,bolt,1
1649,locatingpin,locatingpin,1
1650,bolt,bolt,1
1651,locatingpin,locatingpin,1
1652,locatingpin,locatingpin,1
1653,washer,washer,1
1654,bolt,bolt,1
1655,bolt,bolt,1
1656,bolt,bolt,1
1657,washer,washer,1
1658,washer,washer,1
1659,bolt,bolt,1
1660,nut,nut,1
1661,locatingpin,locatingpin,1
1662,locatingpin,nut,0
1663,nut,nut,1
1664,washer,washer,1
1665,nut,nut,1
1666,bolt,bolt,1
1667,nut,nut,1
1668,locatingpin,locatingpin,1
1669,bolt,bolt,1
1670,nut,nut,1
1671,washer,washer,1
1672,nut,nut,1
1673,bolt,bolt,1
1674,locatingpin,locatingpin,1
1675,washer,washer,1
1676,nut,nut,1
1677,bolt,bolt,1
1678,nut,nut,1
1679,bolt,bolt,1
1680,washer,washer,1
1681,washer,washer,1
1682,nut,nut,1
1683,locatingpin,locatingpin,1
1684,washer,washer,1
1685,nut,nut,1
1686,bolt,bolt,1
1687,washer,washer,1
1688,locatingpin,locatingpin,1
1689,locatingpin,locatingpin,1
1690,bolt,bolt,1
1691,locatingpin,nut,0
1692,locatingpin,locatingpin,1
1693,locatingpin,locatingpin,1
1694,locatingpin,locatingpin,1
1695,bolt,bolt,1
1696,washer,washer,1
1697,bolt,bolt,1
1698,nut,nut,1
1699,washer,washer,1
1700,locatingpin,locatingpin,1
1701,nut,nut,1
1702,nut,nut,1
1703,locatingpin,locatingpin,1
1704,bolt,bolt,1
1705,locatingpin,locatingpin,1
1706,washer,washer,1
1707,washer,washer,1
1708,locatingpin,locatingpin,1
1709,bolt,bolt,1
1710,nut,nut,1
1711,bolt,bolt,1
1712,washer,washer,1
1713,bolt,bolt,1
1714,washer,washer,1
1715,bolt,bolt,1
1716,bolt,bolt,1
1717,locatingpin,locatingpin,1
1718,nut,nut,1
1719,washer,washer,1
1720,bolt,bolt,1
1721,nut,nut,1
1722,nut,nut,1
1723,locatingpin,bolt,0
1724,locatingpin,locatingpin,1
1725,bolt,bolt,1
1726,washer,washer,1
1727,locatingpin,locatingpin,1
1728,locatingpin,locatingpin,1
1729,locatingpin,nut,0
1730,locatingpin,locatingpin,1
1731,washer,washer,1
1732,bolt,bolt,1
1733,locatingpin,locatingpin,1
1734,bolt,bolt,1
1735,locatingpin,nut,0
1736,washer,washer,1
1737,locatingpin,washer,0
1738,nut,nut,1
1739,bolt,bolt,1
1740,washer,washer,1
1741,bolt,bolt,1
1742,washer,washer,1
1743,washer,washer,1
1744,washer,washer,1
1745,bolt,bolt,1
1746,washer,washer,1
1747,washer,washer,1
1748,locatingpin,bolt,0
1749,nut,nut,1
1750,nut,nut,1
1751,nut,nut,1
1752,washer,washer,1
1753,nut,nut,1
1754,washer,washer,1
1755,washer,washer,1
1756,locatingpin,locatingpin,1
1757,nut,nut,1
1758,bolt,bolt,1
1759,locatingpin,nut,0
1760,bolt,bolt,1
1761,nut,nut,1
1762,nut,nut,1
1763,locatingpin,locatingpin,1
1764,bolt,bolt,1
1765,nut,nut,1
1766,bolt,bolt,1
1767,washer,washer,1
1768,washer,washer,1
1769,bolt,bolt,1
1770,nut,nut,1
1771,nut,nut,1
1772,nut,nut,1
1773,locatingpin,locatingpin,1
1774,bolt,bolt,1
1775,nut,nut,1
1776,nut,nut,1
1777,nut,nut,1
1778,washer,washer,1
1779,bolt,bolt,1
1780,washer,washer,1
1781,bolt,bolt,1
1782,locatingpin,locatingpin,1
1783,washer,washer,1
1784,nut,nut,1
1785,locatingpin,locatingpin,1
1786,bolt,bolt,1
1787,nut,nut,1
1788,locatingpin,locatingpin,1
1789,locatingpin,nut,0
1790,nut,nut,1
1791,nut,nut,1
1792,locatingpin,washer,0
1793,washer,washer,1
1794,bolt,bolt,1
1795,washer,washer,1
1796,bolt,bolt,1
1797,nut,nut,1
1798,nut,nut,1
1799,bolt,bolt,1
1800,locatingpin,locatingpin,1
1801,nut,nut,1
1802,washer,washer,1
1803,washer,washer,1
1804,locatingpin,nut,0
1805,nut,nut,1
1806,bolt,bolt,1
1807,bolt,bolt,1
1808,locatingpin,locatingpin,1
1809,locatingpin,locatingpin,1
1810,bolt,bolt,1
1811,washer,washer,1
1812,washer,washer,1
1813,locatingpin,locatingpin,1
1814,washer,washer,1
1815,locatingpin,locatingpin,1
1816,washer,washer,1
1817,locatingpin,washer,0
1818,washer,washer,1
1819,washer,washer,1
1820,nut,nut,1
1821,nut,nut,1
1822,bolt,bolt,1
1823,nut,nut,1
1824,nut,nut,1
1825,washer,washer,1
1826,nut,nut,1
1827,nut,nut,1
1828,washer,washer,1
1829,bolt,bolt,1
1830,bolt,bolt,1
1831,nut,nut,1
1832,locatingpin,locatingpin,1
1833,bolt,bolt,1
1834,washer,washer,1
1835,bolt,bolt,1
1836,bolt,bolt,1
1837,bolt,bolt,1
1838,bolt,bolt,1
1839,washer,washer,1
1840,washer,washer,1
1841,washer,washer,1
1842,nut,nut,1
1843,locatingpin,bolt,0
1844,washer,washer,1
1845,locatingpin,locatingpin,1
1846,locatingpin,locatingpin,1
1847,nut,locatingpin,0
1848,nut,nut,1
1849,locatingpin,bolt,0
1850,bolt,bolt,1
1851,locatingpin,locatingpin,1
1852,bolt,bolt,1
1853,bolt,bolt,1
1854,bolt,bolt,1
1855,bolt,bolt,1
1856,locatingpin,locatingpin,1
1857,bolt,bolt,1
1858,nut,nut,1
1859,nut,nut,1
1860,bolt,bolt,1
1861,bolt,bolt,1
1862,washer,washer,1
1863,bolt,bolt,1
1864,nut,nut,1
1865,washer,washer,1
1866,nut,nut,1
1867,locatingpin,bolt,0
1868,locatingpin,locatingpin,1
1869,nut,nut,1
1870,nut,nut,1
1871,nut,nut,1
1872,bolt,bolt,1
1873,washer,washer,1
1874,washer,washer,1
1875,bolt,bolt,1
1876,nut,nut,1
1877,locatingpin,locatingpin,1
1878,locatingpin,locatingpin,1
1879,nut,nut,1
1880,locatingpin,bolt,0
1881,nut,nut,1
1882,locatingpin,locatingpin,1
1883,washer,washer,1
1884,locatingpin,locatingpin,1
1885,bolt,bolt,1
1886,nut,nut,1
1887,locatingpin,locatingpin,1
1888,washer,washer,1
1889,bolt,bolt,1
1890,locatingpin,locatingpin,1
1891,locatingpin,bolt,0
1892,washer,washer,1
1893,locatingpin,locatingpin,1
1894,bolt,bolt,1
1895,nut,nut,1
1896,bolt,bolt,1
1897,nut,locatingpin,0
1898,nut,nut,1
1899,bolt,bolt,1
1900,bolt,bolt,1
1901,washer,washer,1
1902,bolt,bolt,1
1903,bolt,bolt,1
1904,nut,nut,1
1905,bolt,bolt,1
1906,locatingpin,locatingpin,1
1907,locatingpin,nut,0
1908,washer,washer,1
1909,washer,washer,1
1910,nut,nut,1
1911,washer,washer,1
1912,nut,nut,1
1913,bolt,bolt,1
1914,washer,washer,1
1915,nut,nut,1
1916,washer,washer,1
1917,washer,washer,1
1918,bolt,bolt,1
1919,locatingpin,nut,0
1920,nut,nut,1
1921,locatingpin,locatingpin,1
1922,washer,washer,1
1923,washer,washer,1
1924,washer,washer,1
1925,bolt,bolt,1
1926,locatingpin,locatingpin,1
1927,locatingpin,bolt,0
1928,washer,washer,1
1929,washer,washer,1
1930,nut,nut,1
1931,nut,nut,1
1932,nut,nut,1
1933,nut,nut,1
1934,bolt,bolt,1
1935,washer,washer,1
1936,nut,nut,1
1937,locatingpin,locatingpin,1
1938,washer,washer,1
1939,nut,nut,1
1940,nut,nut,1
1941,nut,nut,1
1942,bolt,bolt,1
1943,bolt,bolt,1
1944,bolt,bolt,1
1945,bolt,bolt,1
1946,bolt,bolt,1
1947,washer,washer,1
1948,nut,nut,1
1949,washer,washer,1
1950,bolt,bolt,1
1951,washer,washer,1
1952,locatingpin,locatingpin,1
1953,locatingpin,locatingpin,1
1954,locatingpin,locatingpin,1
1955,washer,washer,1
1956,nut,nut,1
1957,nut,nut,1
1958,nut,nut,1
1959,bolt,bolt,1
1960,locatingpin,locatingpin,1
1961,bolt,bolt,1
1962,nut,nut,1
1963,bolt,bolt,1
1964,nut,nut,1
1965,nut,nut,1
1966,washer,washer,1
1967,washer,washer,1
1968,locatingpin,locatingpin,1
1969,bolt,bolt,1
1970,bolt,bolt,1
1971,locatingpin,washer,0
1972,bolt,bolt,1
1973,bolt,bolt,1
1974,bolt,bolt,1
1975,locatingpin,bolt,0
1976,locatingpin,locatingpin,1
1977,locatingpin,locatingpin,1
1978,nut,nut,1
1979,bolt,bolt,1
1980,washer,washer,1
1981,nut,nut,1
1982,locatingpin,locatingpin,1
1983,nut,nut,1
1984,locatingpin,locatingpin,1
1985,washer,washer,1
1986,bolt,bolt,1
1987,nut,nut,1
1988,washer,washer,1
1989,locatingpin,locatingpin,1
1990,locatingpin,locatingpin,1
1991,nut,nut,1
1992,nut,nut,1
1993,bolt,bolt,1
1994,locatingpin,locatingpin,1
1995,bolt,bolt,1
1996,bolt,bolt,1
1997,locatingpin,locatingpin,1
1998,locatingpin,locatingpin,1
1999,locatingpin,locatingpin,1
2000,locatingpin,bolt,0
2001,locatingpin,locatingpin,1
2002,bolt,bolt,1
2003,nut,nut,1
2004,washer,washer,1
2005,locatingpin,locatingpin,1
2006,locatingpin,locatingpin,1
2007,locatingpin,locatingpin,1
2008,nut,nut,1
2009,nut,nut,1
2010,nut,nut,1
2011,bolt,bolt,1
2012,nut,nut,1
2013,nut,nut,1
2014,washer,washer,1
2015,nut,nut,1
2016,bolt,bolt,1
2017,bolt,bolt,1
2018,nut,nut,1
2019,bolt,bolt,1
2020,nut,nut,1
2021,locatingpin,locatingpin,1
2022,locatingpin,locatingpin,1
2023,locatingpin,locatingpin,1
2024,washer,washer,1
2025,locatingpin,locatingpin,1
2026,bolt,bolt,1
2027,bolt,bolt,1
2028,locatingpin,nut,0
2029,nut,nut,1
2030,bolt,bolt,1
2031,locatingpin,locatingpin,1
2032,washer,washer,1
2033,locatingpin,locatingpin,1
2034,nut,nut,1
2035,bolt,bolt,1
2036,washer,washer,1
2037,bolt,locatingpin,0
2038,washer,washer,1
2039,bolt,bolt,1
2040,washer,washer,1
2041,washer,washer,1
2042,washer,washer,1
2043,washer,washer,1
2044,bolt,bolt,1
2045,bolt,bolt,1
2046,locatingpin,locatingpin,1
2047,nut,nut,1
2048,washer,washer,1
2049,bolt,bolt,1
2050,washer,washer,1
2051,washer,washer,1
2052,bolt,bolt,1
2053,washer,washer,1
2054,locatingpin,nut,0
2055,nut,nut,1
2056,locatingpin,locatingpin,1
2057,washer,washer,1
2058,nut,nut,1
2059,washer,washer,1
2060,locatingpin,locatingpin,1
2061,nut,nut,1
2062,bolt,bolt,1
2063,bolt,bolt,1
2064,locatingpin,bolt,0
2065,nut,nut,1
2066,washer,washer,1
2067,locatingpin,locatingpin,1
2068,bolt,bolt,1
2069,nut,nut,1
2070,bolt,bolt,1
2071,washer,washer,1
2072,locatingpin,locatingpin,1
2073,bolt,bolt,1
2074,bolt,bolt,1
2075,washer,washer,1
2076,bolt,bolt,1
2077,nut,nut,1
2078,washer,washer,1
2079,washer,washer,1
2080,bolt,bolt,1
2081,bolt,bolt,1
2082,locatingpin,washer,0
2083,washer,washer,1
2084,washer,washer,1
2085,locatingpin,locatingpin,1
2086,bolt,bolt,1
2087,washer,washer,1
2088,locatingpin,locatingpin,1
2089,locatingpin,bolt,0
2090,washer,washer,1
2091,washer,washer,1
2092,washer,washer,1
2093,nut,nut,1
2094,bolt,bolt,1
2095,washer,washer,1
2096,locatingpin,locatingpin,1
2097,bolt,bolt,1
2098,bolt,bolt,1
2099,bolt,bolt,1
2100,washer,washer,1
2101,locatingpin,locatingpin,1
2102,locatingpin,locatingpin,1
2103,nut,nut,1
2104,bolt,bolt,1
2105,nut,nut,1
2106,washer,washer,1
2107,nut,nut,1
2108,bolt,bolt,1
2109,washer,washer,1
2110,bolt,bolt,1
2111,locatingpin,locatingpin,1
2112,locatingpin,bolt,0
2113,nut,nut,1
2114,bolt,bolt,1
2115,washer,washer,1
2116,washer,washer,1
2117,bolt,bolt,1
2118,nut,nut,1
2119,bolt,bolt,1
2120,bolt,bolt,1
2121,locatingpin,washer,0
2122,locatingpin,locatingpin,1
2123,locatingpin,locatingpin,1
2124,washer,washer,1
2125,bolt,bolt,1
2126,washer,washer,1
2127,bolt,bolt,1
2128,washer,washer,1
2129,nut,nut,1
2130,washer,washer,1
2131,nut,nut,1
2132,bolt,bolt,1
2133,washer,washer,1
2134,bolt,bolt,1
2135,nut,nut,1
2136,bolt,bolt,1
2137,washer,washer,1
2138,bolt,bolt,1
2139,bolt,bolt,1
2140,bolt,bolt,1
2141,washer,washer,1
2142,nut,nut,1
2143,locatingpin,locatingpin,1
2144,locatingpin,locatingpin,1
2145,nut,nut,1
2146,locatingpin,locatingpin,1
2147,nut,nut,1
2148,bolt,bolt,1
2149,nut,nut,1
2150,washer,washer,1
2151,washer,washer,1
2152,nut,nut,1
2153,nut,nut,1
2154,bolt,bolt,1
2155,nut,nut,1
2156,washer,washer,1
2157,locatingpin,locatingpin,1
2158,bolt,bolt,1
2159,nut,nut,1
2160,nut,nut,1
2161,bolt,bolt,1
2162,washer,washer,1
2163,bolt,bolt,1
2164,locatingpin,locatingpin,1
2165,bolt,bolt,1
2166,washer,washer,1
2167,washer,washer,1
2168,bolt,bolt,1
2169,nut,nut,1
2170,bolt,bolt,1
2171,washer,washer,1
2172,locatingpin,nut,0
2173,washer,washer,1
2174,bolt,bolt,1
2175,washer,washer,1
2176,washer,washer,1
2177,bolt,bolt,1
2178,washer,washer,1
2179,locatingpin,locatingpin,1
2180,nut,nut,1
2181,washer,washer,1
2182,washer,washer,1
2183,bolt,bolt,1
2184,nut,nut,1
2185,locatingpin,locatingpin,1
2186,nut,nut,1
2187,bolt,bolt,1
2188,washer,washer,1
2189,bolt,bolt,1
2190,locatingpin,locatingpin,1
2191,bolt,bolt,1
2192,washer,washer,1
2193,bolt,bolt,1
2194,washer,washer,1
2195,nut,nut,1
2196,bolt,bolt,1
2197,bolt,bolt,1
2198,nut,nut,1
2199,washer,washer,1
2200,washer,washer,1
2201,locatingpin,bolt,0
2202,locatingpin,nut,0
2203,washer,washer,1
2204,bolt,bolt,1
2205,locatingpin,locatingpin,1
2206,washer,washer,1
2207,locatingpin,locatingpin,1
2208,locatingpin,locatingpin,1
2209,locatingpin,locatingpin,1
2210,nut,nut,1
2211,nut,nut,1
2212,bolt,bolt,1
2213,locatingpin,washer,0
2214,nut,nut,1
2215,locatingpin,locatingpin,1
2216,bolt,bolt,1
2217,nut,nut,1
2218,bolt,bolt,1
2219,nut,nut,1
2220,nut,nut,1
2221,nut,nut,1
2222,bolt,bolt,1
2223,nut,nut,1
2224,locatingpin,locatingpin,1
2225,nut,nut,1
2226,washer,washer,1
2227,nut,nut,1
2228,locatingpin,locatingpin,1
2229,nut,nut,1
2230,locatingpin,locatingpin,1
2231,locatingpin,locatingpin,1
2232,bolt,bolt,1
2233,washer,washer,1
2234,nut,nut,1
2235,locatingpin,locatingpin,1
2236,washer,washer,1
2237,locatingpin,locatingpin,1
2238,bolt,bolt,1
2239,bolt,bolt,1
2240,nut,nut,1
2241,bolt,bolt,1
2242,nut,nut,1
2243,nut,nut,1
2244,locatingpin,locatingpin,1
2245,washer,washer,1
2246,bolt,bolt,1
2247,washer,washer,1
2248,bolt,bolt,1
2249,locatingpin,locatingpin,1
2250,nut,nut,1
2251,nut,nut,1
2252,nut,nut,1
2253,washer,washer,1
2254,bolt,bolt,1
2255,locatingpin,locatingpin,1
2256,washer,washer,1
2257,nut,nut,1
2258,locatingpin,locatingpin,1
2259,locatingpin,bolt,0
2260,nut,nut,1
2261,locatingpin,locatingpin,1
2262,nut,nut,1
2263,washer,washer,1
2264,nut,nut,1
2265,bolt,bolt,1
2266,nut,nut,1
2267,nut,nut,1
2268,nut,nut,1
2269,bolt,bolt,1
2270,nut,nut,1
2271,washer,washer,1
2272,bolt,bolt,1
2273,bolt,bolt,1
2274,washer,washer,1
2275,washer,washer,1
2276,washer,washer,1
2277,locatingpin,locatingpin,1
2278,washer,washer,1
2279,nut,nut,1
2280,bolt,bolt,1
2281,locatingpin,locatingpin,1
2282,locatingpin,locatingpin,1
2283,washer,washer,1
2284,bolt,bolt,1
